{
    "items_etc_2": [
        {
            "name": "saxum_spittle",
            "type": "pistol_mod",
            "en_name": "Saxum Spittle",
            "kr_name": "삭숨 스피틀"
        },
        {
            "name": "carnis_stinger",
            "type": "pistol_mod",
            "en_name": "Carnis Stinger",
            "kr_name": "카르니스 스팅어"
        },
        {
            "name": "jugulus_spines",
            "type": "pistol_mod",
            "en_name": "Jugulus Spines",
            "kr_name": "저귤러스 스파인즈"
        },

        {
            "name": "saxum_carapace",
            "type": "warframe_mod",
            "en_name": "Saxum Carapace",
            "kr_name": "삭숨 카라페이스"
        },
        {
            "name": "carnis_carapace",
            "type": "warframe_mod",
            "en_name": "Carnis Carapace",
            "kr_name": "카르니스 카라페이스"
        },
        {
            "name": "jugulus_carapace",
            "type": "warframe_mod",
            "en_name": "Jugulus Carapace",
            "kr_name": "저귤러스 카라페이스"
        },

        {
            "name": "saxum_thorax",
            "type": "melee_mod",
            "en_name": "Saxum Thorax",
            "kr_name": "삭숨 쏘락스"
        },
        {
            "name": "carnis_mandible",
            "type": "melee_mod",
            "en_name": "Carnis Mandible",
            "kr_name": "카르니스 맨디블"
        },
        {
            "name": "jugulus_barbs",
            "type": "melee_mod",
            "en_name": "Jugulus Barbs",
            "kr_name": "저귤러스 밥스"
        }
    ]
}