{
    "recommend": [
        {
            "index": 0,
            "index_number": 230,
            "image": "./image/item_image/mod/Primed_Continuity/Primed_Continuity.png",
            "subject": "프라임드 모드 모음집",
            "name": "primed_continuity",
            "type": "warframe_mod",
            "en_name": "Primed Continuity",
            "kr_name": "프라임드 컨티뉴어티",
            "price": 0,
            "percent": 0,
            "volume": 0
        },
        {
            "index": 1,
            "index_number": 231,
            "image": "./image/item_image/mod/Primed_Flow/Primed_Flow.png",
            "subject": "프라임드 모드 모음집",
            "name": "primed_flow",
            "type": "warframe_mod",
            "en_name": "Primed Flow",
            "kr_name": "프라임드 플로우",
            "price": 0,
            "percent": 0,
            "volume": 0
        },
        {
            "index": 2,
            "index_number": 350,
            "image": "./image/item_image/mod/Primed_Cryo_Rounds/Primed_Cryo_Rounds.png",
            "subject": "프라임드 모드 모음집",
            "name": "primed_cryo_rounds",
            "type": "primary_mod",
            "en_name": "Primed Cryo Rounds",
            "kr_name": "프라임드 크라이오 라운즈",
            "price": 0,
            "percent": 0,
            "volume": 0
        },
        {
            "index": 3,
            "index_number": 351,
            "image": "./image/item_image/mod/Primed_Fast_Hands/Primed_Fast_Hands.png",
            "subject": "프라임드 모드 모음집",
            "name": "primed_fast_hands",
            "type": "primary_mod",
            "en_name": "Primed Fast Hands",
            "kr_name": "프라임드 패스트 핸즈",
            "price": 0,
            "percent": 0,
            "volume": 0
        },
        {
            "index": 4,
            "index_number": 376,
            "image": "./image/item_image/mod/Primed_Rifle_Ammo_Mutation/Primed_Rifle_Ammo_Mutation.png",
            "subject": "프라임드 모드 모음집",
            "name": "primed_rifle_ammo_mutation",
            "type": "primary_mod",
            "en_name": "Primed Rifle Ammo Mutation",
            "kr_name": "프라임드 라이플 애모 뮤테이션",
            "price": 0,
            "percent": 0,
            "volume": 0
        },
        {
            "index": 5,
            "index_number": 402,
            "image": "./image/item_image/mod/Primed_Charged_Shell/Primed_Charged_Shell.png",
            "subject": "프라임드 모드 모음집",
            "name": "primed_charged_shell",
            "type": "primary_mod",
            "en_name": "Primed Charged Shell",
            "kr_name": "프라임드 차지드 쉘",
            "price": 0,
            "percent": 0,
            "volume": 0
        },
        {
            "index": 6,
            "index_number": 403,
            "image": "./image/item_image/mod/Primed_Point_Blank/Primed_Point_Blank.png",
            "subject": "프라임드 모드 모음집",
            "name": "primed_point_blank",
            "type": "primary_mod",
            "en_name": "Primed Point Blank",
            "kr_name": "프라임드 포인트 블랭크",
            "price": 0,
            "percent": 0,
            "volume": 0
        },
        {
            "index": 7,
            "index_number": 404,
            "image": "./image/item_image/mod/Primed_Ravage/Primed_Ravage.png",
            "subject": "프라임드 모드 모음집",
            "name": "primed_ravage",
            "type": "primary_mod",
            "en_name": "Primed Ravage",
            "kr_name": "프라임드 래비지",
            "price": 0,
            "percent": 0,
            "volume": 0
        },
        {
            "index": 8,
            "index_number": 405,
            "image": "./image/item_image/mod/Primed_Shotgun_Ammo_Mutation/Primed_Shotgun_Ammo_Mutation.png",
            "subject": "프라임드 모드 모음집",
            "name": "primed_shotgun_ammo_mutation",
            "type": "primary_mod",
            "en_name": "Primed Shotgun Ammo Mutation",
            "kr_name": "프라임드 샷건 애모 뮤테이션",
            "price": 0,
            "percent": 0,
            "volume": 0
        },
        {
            "index": 9,
            "index_number": 471,
            "image": "./image/item_image/mod/Primed_Heated_Charge/Primed_Heated_Charge.png",
            "subject": "프라임드 모드 모음집",
            "name": "primed_heated_charge",
            "type": "secondary_mod",
            "en_name": "Primed Heated Charge",
            "kr_name": "프라임드 히티드 차지",
            "price": 0,
            "percent": 0,
            "volume": 0
        },
        {
            "index": 10,
            "index_number": 472,
            "image": "./image/item_image/mod/Primed_Pistol_Ammo_Mutation/Primed_Pistol_Ammo_Mutation.png",
            "subject": "프라임드 모드 모음집",
            "name": "primed_pistol_ammo_mutation",
            "type": "secondary_mod",
            "en_name": "Primed Pistol Ammo Mutation",
            "kr_name": "프라임드 피스톨 애모 뮤테이션",
            "price": 0,
            "percent": 0,
            "volume": 0
        },
        {
            "index": 11,
            "index_number": 473,
            "image": "./image/item_image/mod/Primed_Pistol_Gambit/Primed_Pistol_Gambit.png",
            "subject": "프라임드 모드 모음집",
            "name": "primed_pistol_gambit",
            "type": "secondary_mod",
            "en_name": "Primed Pistol Gambit",
            "kr_name": "프라임드 피스톨 갬빗",
            "price": 0,
            "percent": 0,
            "volume": 0
        },
        {
            "index": 12,
            "index_number": 474,
            "image": "./image/item_image/mod/Primed_Quickdraw/Primed_Quickdraw.png",
            "subject": "프라임드 모드 모음집",
            "name": "primed_quickdraw",
            "type": "secondary_mod",
            "en_name": "Primed Quickdraw",
            "kr_name": "프라임드 퀵드로우",
            "price": 0,
            "percent": 0,
            "volume": 0
        },
        {
            "index": 13,
            "index_number": 475,
            "image": "./image/item_image/mod/Primed_Slip_Magazine/Primed_Slip_Magazine.png",
            "subject": "프라임드 모드 모음집",
            "name": "primed_slip_magazine",
            "type": "secondary_mod",
            "en_name": "Primed Slip magazine",
            "kr_name": "프라임드 슬립 매거진",
            "price": 0,
            "percent": 0,
            "volume": 0
        },
        {
            "index": 14,
            "index_number": 476,
            "image": "./image/item_image/mod/Primed_Target_Cracker/Primed_Target_Cracker.png",
            "subject": "프라임드 모드 모음집",
            "name": "primed_target_cracker",
            "type": "secondary_mod",
            "en_name": "Primed Target Cracker",
            "kr_name": "프라임드 타겟 크랙커",
            "price": 0,
            "percent": 0,
            "volume": 0
        },
        {
            "index": 15,
            "index_number": 524,
            "image": "./image/item_image/mod/Primed_Fever_Strike/Primed_Fever_Strike.png",
            "subject": "프라임드 모드 모음집",
            "name": "primed_fever_strike",
            "type": "melee_mod",
            "en_name": "Primed Fever Strike",
            "kr_name": "프라임드 피버 스트라이크",
            "price": 0,
            "percent": 0,
            "volume": 0
        },
        {
            "index": 16,
            "index_number": 525,
            "image": "./image/item_image/mod/Primed_Heavy_Trauma/Primed_Heavy_Trauma.png",
            "subject": "프라임드 모드 모음집",
            "name": "primed_heavy_trauma",
            "type": "melee_mod",
            "en_name": "Primed Heavy Trauma",
            "kr_name": "프라임드 헤비 트라우마",
            "price": 0,
            "percent": 0,
            "volume": 0
        },
        {
            "index": 17,
            "index_number": 526,
            "image": "./image/item_image/mod/Primed_Pressure_Point/Primed_Pressure_Point.png",
            "subject": "프라임드 모드 모음집",
            "name": "primed_pressure_point",
            "type": "melee_mod",
            "en_name": "Primed Pressure Point",
            "kr_name": "프라임드 프레셔 포인트",
            "price": 0,
            "percent": 0,
            "volume": 0
        },
        {
            "index": 18,
            "index_number": 527,
            "image": "./image/item_image/mod/Primed_Reach/Primed_Reach.png",
            "subject": "프라임드 모드 모음집",
            "name": "primed_reach",
            "type": "melee_mod",
            "en_name": "Primed Reach",
            "kr_name": "프라임드 리치",
            "price": 0,
            "percent": 0,
            "volume": 0
        }
    ]
}