{
    "warframes": [
        {
            "name": "loki_prime",
            "type": "warframe",
            "en_name": "Loki Prime",
            "kr_name": "로키 프라임"
        },
        {
            "name": "nezha_prime",
            "type": "warframe",
            "en_name": "Nezha Prime",
            "kr_name": "나타 프라임"
        },
        {
            "name": "titania_prime",
            "type": "warframe",
            "en_name": "Titania Prime",
            "kr_name": "티타니아 프라임"
        },
        {
            "name": "equinox_prime",
            "type": "warframe",
            "en_name": "Equinox Prime",
            "kr_name": "이쿼녹스 프라임"
        },
        {
            "name": "rhino_prime",
            "type": "warframe",
            "en_name": "Rhino Prime",
            "kr_name": "라이노 프라임"
        },
        {
            "name": "mesa_prime",
            "type": "warframe",
            "en_name": "Mesa Prime",
            "kr_name": "메사 프라임"
        },
        {
            "name": "ember_prime",
            "type": "warframe",
            "en_name": "Ember Prime",
            "kr_name": "엠버 프라임"
        },
        {
            "name": "limbo_prime",
            "type": "warframe",
            "en_name": "Limbo Prime",
            "kr_name": "림보 프라임"
        },
        {
            "name": "ivara_prime",
            "type": "warframe",
            "en_name": "Ivara Prime",
            "kr_name": "이바라 프라임"
        },
        {
            "name": "chroma_prime",
            "type": "warframe",
            "en_name": "Chroma Prime",
            "kr_name": "크로마 프라임"
        },
        {
            "name": "nyx_prime",
            "type": "warframe",
            "en_name": "Nyx Prime",
            "kr_name": "닉스 프라임"
        },
        {
            "name": "frost_prime",
            "type": "warframe",
            "en_name": "Frost Prime",
            "kr_name": "프로스트 프라임"
        },
        {
            "name": "trinity_prime",
            "type": "warframe",
            "en_name": "Trinity Prime",
            "kr_name": "트리니티 프라임"
        },
        {
            "name": "hydroid_prime",
            "type": "warframe",
            "en_name": "Hydroid Prime",
            "kr_name": "하이드로이드 프라임"
        },
        {
            "name": "nova_prime",
            "type": "warframe",
            "en_name": "Nova Prime",
            "kr_name": "노바 프라임"
        },
        {
            "name": "saryn_prime",
            "type": "warframe",
            "en_name": "Saryn Prime",
            "kr_name": "새린 프라임"
        },
        {
            "name": "mirage_prime",
            "type": "warframe",
            "en_name": "Mirage Prime",
            "kr_name": "미라지 프라임"
        },
        {
            "name": "valkyr_prime",
            "type": "warframe",
            "en_name": "Valkyr Prime",
            "kr_name": "발키르 프라임"
        },
        {
            "name": "mag_prime",
            "type": "warframe",
            "en_name": "Mag Prime",
            "kr_name": "매그 프라임"
        },
        {
            "name": "ash_prime",
            "type": "warframe",
            "en_name": "Ash Prime",
            "kr_name": "애쉬 프라임"
        },
        {
            "name": "zephyr_prime",
            "type": "warframe",
            "en_name": "Zephyr Prime",
            "kr_name": "제피르 프라임"
        },
        {
            "name": "wukong_prime",
            "type": "warframe",
            "en_name": "Wukong Prime",
            "kr_name": "오공 프라임"
        },
        {
            "name": "vauban_prime",
            "type": "warframe",
            "en_name": "Vauban Prime",
            "kr_name": "바우반 프라임"
        },
        {
            "name": "banshee_prime",
            "type": "warframe",
            "en_name": "Banshee Prime",
            "kr_name": "밴쉬 프라임"
        },
        {
            "name": "oberon_prime",
            "type": "warframe",
            "en_name": "Oberon Prime",
            "kr_name": "오베론 프라임"
        },
        {
            "name": "nekros_prime",
            "type": "warframe",
            "en_name": "Nekros Prime",
            "kr_name": "네크로스 프라임"
        },
        {
            "name": "volt_prime",
            "type": "warframe",
            "en_name": "Volt Prime",
            "kr_name": "볼트 프라임"
        },
        {
            "name": "atlas_prime",
            "type": "warframe",
            "en_name": "Atlas Prime",
            "kr_name": "아틀라스 프라임"
        },
        {
            "name": "inaros_prime",
            "type": "warframe",
            "en_name": "Inaros Prime",
            "kr_name": "이나로스 프라임"
        }
    ]
}