{
    "info": [
        {
            "index": 0,
            "image": "./image/notice/rpc.png",
            "write": "R.PC",
            "subject": "[정보] 1.플레티넘이란?",
            "contents": "워프레임에서 플레티넘은 가장 중요한 재화이며 다양한 방면에서 사용이 가능합니다.##플레티넘의 사용처는 슬롯 개방, 상점, 재작 시간단축, 유저간의 거래등 아주 많은곳에서 사용되며 특히 '유저간의 거래'를 통해 원하는 아이템을 얻을수도 있습니다.##플레티넘은 일종의 캐시 재화로써 게임내에서 별도의 금액을 주고 얻을수 있습니다.#즉 플레티넘을 얻을수 있는 방법은 결제 또는 거래밖에 없기때문에 거래를 하는것은 곧 경제력이 생긴다고 볼수있습니다.",
            "contents_image": "./image/info/0/wts_img_5.png",
            "youtube": "",
            "date": "2020.08.28"
        },
        {
            "index": 1,
            "image": "./image/notice/rpc.png",
            "write": "R.PC",
            "subject": "[정보] 2. 목적",
            "contents": "워프레임은 1대1간의 개인적인 거래를 이용하기에 원하는 아이템의 가격이 정해진것이 아니라 쉽게 알기 어렵습니다.#그래서 조금더 편리한 거래를 위해 몇몇 유저들은 사이트를 개설하여 좀더 쉽게 거래를 하도록 만들어 운영중입니다.#'WarframeTS (Warframe Trade Status)'또한 이러한 분류로 거래가 주목적이 아닌 아이템 가격을 쉽게 볼수 있게 정보를 재공하는 목표로 개설되었습니다.",
            "contents_image": "",
            "youtube": "",
            "date": "2020.08.28"
        },
        {
            "index": 2,
            "image": "./image/notice/rpc.png",
            "write": "R.PC",
            "subject": "[정보] 3. WarframeTS (Warframe Trade Status)",
            "contents": "현제 'WarframeTS'는 'warframe.market'에서 재공하는 API를 사용중으로 거래가 완료된 품목들의 DB정보를 가져와#수집(Crawling) > 저장(DataBase) > 분석(Data Analysis) > 결과(Result) 순서로 진행이 됩니다.#WarframeTS는 매일 오전 12시 업데이트하며 어제의 정보를 분석합니다.#총 3가지 가격, 퍼센트, 거래량을 대표적으로 볼수 있습니다.##'가격' = 현제 거래중인 매수, 매도의 평균 가격가로 일정 오차범위내의 가격으로 거래를 하는것을 추천합니다.#'퍼센트' = 전일대비 상승, 하락을 나타내어 아이템의 유동 범위를 나타냅니다.#'거래량' = 해당 아이템의 당일 거래된 내역으로 거래량이 많을수록 가장 관심있는 아이템으로 볼수 있습니다.##'WarframeTS'는 거래가능한 모든 아이템을 추가하고 싶었으나 일부 관심이 적거나 거래가 안되는 아이템은 통계를 내기 어려워 일정 거래량이 측정이 시작됩니다.#그렇기에 사이트를 이용한 거래를 재외한 아이템, 가격을 측정하는데 한계가 있기에 모든 정보는 참고용으로 두시는걸 추천합니다.##만약 사이트가 다른 유저, 사람들에게 불편을 끼치거나 데이터 재공자(warframe.market)에 문제가 발생된다면 언제든지 사이트 운용이 종료될수 있습니다. 그래도 지속적으로 유지하고 싶은것이 'WarframeTS'의 바람입니다!",
            "contents_image": "./image/icon/WTS_Banner.png",
            "youtube": "",
            "date": "2020.08.28"
        },
        {
            "index": 3,
            "image": "./image/notice/rpc.png",
            "write": "R.PC",
            "subject": "[정보] 4. 메인 페이지",
            "contents": "메인 페이지는 최근 업데이트를 요약해서 보여주는 페이지로 크게 3가지로 분류됩니다.#(간략한 아이템 가격의 변화들을 보기에 좋습니다.)##1. 추천#ㄴ   각 아이템별 랭킹을 알고리즘으로 계산하여 가장 점수가 높은, 낮은 아이템을 보여줍니다.##2. 오늘의 수치 TOP 10#ㄴ   업데이트된 아이템중 가장 많은 변화를 일으킨 상위, 하위 품목을 보여줍니다.##3. 테이블#ㄴ   업데이트된 모든 아이템을 불러와 보기 쉬운 표로 보여줍니다.",
            "contents_image": "./image/info/0/wts_img_0.png",
            "youtube": "",
            "date": "2020.08.28"
        },
        {
            "index": 4,
            "image": "./image/notice/rpc.png",
            "write": "R.PC",
            "subject": "[정보] 5. 공지사항",
            "contents": "공시사항 페이지는 사이트의 소식을 보여주는 페이지 입니다.#(가장 최근의 소식을 전달할 것입니다.)##1. 업데이트 내용#ㄴ   새롭게 추가된 업데이트 항목을 정리하여 보여줍니다.##2. 오류 수정#ㄴ   사이트에서 발견된 오류들을 정리하여 보여줍니다.##3. 다음 업데이트 예정#ㄴ   앞으로 추가될 내용들이나 비전(방향)을 보여줍니다.",
            "contents_image": "./image/info/0/wts_img_1.png",
            "youtube": "",
            "date": "2020.08.28"
        },
        {
            "index": 5,
            "image": "./image/notice/rpc.png",
            "write": "R.PC",
            "subject": "[정보] 6. 카테고리",
            "contents": "카테고리 페이지는 모든 아이템을 분류해둔 페이지 입니다.#(자세한 항목별 정보를 볼 수 있습니다.)##1. 카테고리#ㄴ   워프레임내에서 거래가능한 아이템을 분류하여 보여줍니다.##2. 정렬#ㄴ   업데이트된 아이템들의 순서를 가격, 퍼센트, 거래량 순으로 정렬하여 보여줍니다.##3. 아이템#ㄴ   해당 카테고리에 들어간 아이템을 보여줍니다.",
            "contents_image": "./image/info/0/wts_img_2.png",
            "youtube": "",
            "date": "2020.08.28"
        },
        {
            "index": 6,
            "image": "./image/notice/rpc.png",
            "write": "R.PC",
            "subject": "[정보] 7. 아이템 상세보기",
            "contents": "상세보기 페이지는 해당 아이템의 정보를 볼수있는 페이지로 거래 내역을 확인할수 있습니다.#(아이템의 정보를 쉽게 보실수 있습니다.)##1. 정보#ㄴ   가장 최근에 업데이트된 정보를 표로 쉽게 보여줍니다.##2. 그래프#ㄴ   아이템의 거래 정보를 그래프화 한것으로 아이템의 흐름을 보여줍니다.##3. 테이블#ㄴ   아이템의 누적 정보들을 보여줍니다.",
            "contents_image": "./image/info/0/wts_img_3.png",
            "youtube": "",
            "date": "2020.08.28"
        },
        {
            "index": 7,
            "image": "./image/notice/rpc.png",
            "write": "R.PC",
            "subject": "[정보] 8. 아이템 포트폴리오",
            "contents": "포트폴리오 페이지는 해당 아이템의 정보를 기반으로 계산을 할수있는 페이지로 과거의 정보를 바탕으로 실험을 할수 있습니다.#(미래를 예측할수는 없지만 과거의 정보도 유심히 봐야합니다.)##1. 포트폴리오#ㄴ   시작일과 종료일, 보유 플레티넘을 입력후 '1.계산하기'를 누르면 '아이템 비율 입력'이 활성화 됩니다.##2. 아이템 비율 입력#ㄴ   원하는 갯수를 지정한후 '2.계산하기'를 누르면 최종적인 이윤을 계산하여 보여줍니다.",
            "contents_image": "./image/info/0/wts_img_4.png",
            "youtube": "",
            "date": "2020.08.28"
        }
    ]
}