{
    "info": [
        {
            "index": 0,
            "image": "./image/notice/rpc.png",
            "write": "R.PC",
            "subject": "[공지사항] 워프레임 거래 분석 사이트(warframets.shop) ver.0.7",
            "contents": "안녕하세요 현제 워프레임에서 R.PC로 활동중인 피씨입니다.##원래라면 일반 데이터 분석하는 프로그램이였지만 생각이상? 으로 친구와 주변분들께 보여주니 반응이 좋아서 사이트로 만들게 되었습니다.#매인 데이터는 warframe.market(https://warframe.market/)에서 공식적으로 허락한 거래내역 api(https://api.warframe.market/v1/items)를 이용하고 있으며 매일 12시를 기점으로 결과가 바뀌며 크롤링 > 데이터 저장 > 분석 > 결과 도식 순으로 보시면 될꺼같습니다.##아직 많은 아이템, 모드등 몇몇개 밖에 없지만 계속해서 추가적으로 늘려나갈예정이니 한번쯤 들어가보시고 부족한 부분이나 개선점을 메일이나 댓글에 적어주시면 열심히 참고해서 고쳐보겠습니다.##etc) 기술적으로도 공부하는겸 시작한 프로잭트라 부족한 부분이 많아 언제 어디서나 서버는 터질수있으며 개인 사비(2마넌)으로 운영되는터라 항시 오픈이 재한될수도 있슴돵 ㅠ.ㅠ",
            "contents_image": "",
            "youtube": "",
            "date": "2020.05.31"
        },
        {
            "index": 1,
            "image": "./image/notice/rpc.png",
            "write": "R.PC",
            "subject": "[공지사항] 업데이트 및 버그수정 ver.0.1",
            "contents": "안녕하세요! 피씨입니다!##6월2일 부터 6월8일까지 집으로 휴가를 나온후 빈둥대느라 사이트 업데이트를 안한거같네요#(물론 쉬는날도 필요하겠지만요 ㅎㅎ)#그렇다고 마냥 논것은 아니니 꾸준히 업데이트를 올리겠습니다!##업데이트 주기는 보통 평일을 재외한 주말(토요일, 일요일)로 원하는기능이나 오류등을 추가하는식으로 진행됩니다.#부족한 시간이긴 하지만 조금씩 하나둘 추가하다보면 쓸만한 거래 분석사이트가 되리라 믿고있습니다!!###----- 업데이트 내용 -----###1. 공지사항 매뉴가 추가되었습니다#(앞으로 이곳에 주기적으로 업데이트및 개발, Q&A와 같은 피드백을 재공할 예정입니다.)##2. 누적 접속자량을 카운트할수 있습니다.#(초라하긴하지만 사이트의 접속량을 분석하기위하기도 합니다.)##3. 구글 애드리틱스(https://analytics.google.com/)를 시작하였습니다.#(사이트 접속자의 성향을 분석해서 어떤 물품을 주로 검색하는지를 통계를 내어 따로 리포트형식으로 보여줄것입니다.)##4. 배포용 서버와 태스트용 서버가 나눠졌습니다.#(이제부터 보다 안정적으로 24시간 서비스를 운용및 관리를 할수 있습니다!!)###----- 오류 수정 -----###1. 24시간 업데이트 주기가 잘못 설정되었슴을 고쳤습니다.#(원래라면 시장 종료시간인 하루전날의 데이터가 최종 수정이 되야하지만 어재가 아닌 이틀전으로 되있었습니다.)##2. 에러창에서 하단매뉴가 가려짐을 고쳤습니다.#(아직 등록되지 않거나 잘못입력된 창에서 디자인이 꺠진현상이 있었습니다.)###----- 다음 업데이트 예정 -----###1. 모바일 화면(또는 화면 축소시) 매뉴바가 생성될 예정입니다.#(PC와는 다르게 매뉴바를 아직 추가안되었습니다.)##2. 보다 많은 데이터(모드및 아케인 등등)을 추가할 예정입니다.#(현제 모든 아이템을 추가해보았으나 저가의 아이템들은 수치의 변동폭이 너무 넓어서 통계를 내기 힘든 상황입니다.)#(그럼으로 필수 아이템, 가격이 어느정도 형성된 아이템을 우선적으로 적용할것입니다.)###아직 계선될점은 많지만 혹여 사용하시거나 불편한점, 이런기능이 있으면 좋겟다 싶은점등이 있으면 (prohenho7138@gmail.com) 으로 메일을 주시거나 카패에 댓글을 남겨주시면 열심히 참고하여 고치겠습니다!",
            "contents_image": "",
            "youtube": "",
            "date": "2020.06.14"
        },
        {
            "index": 2,
            "image": "./image/notice/rpc.png",
            "write": "R.PC",
            "subject": "[공지사항] 업데이트 및 버그수정 ver.0.15",
            "contents": "안녕하세요! 피씨입니다!##속도를 내고 싶으나 작업시간이 너무 재한되는건 너무 아쉽게 생각합니다.#어쩔수없지만 시간만 있다면 완성도 가능할꺼라 봅니다###----- 업데이트 내용-----###1. 모바일 매뉴바가 생겼습니다.#(한동안 모바일에서 매뉴를 확인못하였으나 추가하였습니다.)###----- 오류 수정 -----###1. 24시간 업데이트가 재대로 업데이트 안된것을 확인하였습니다.#(아직 완벽한 자동화가 이루어지지 않았으나 주기적으로 테스트하면서 고치고 있습니다.)###----- 다음 업데이트 예정 -----##1. 현제 도메인설정 잘못으로 모바일 해상도가 깨지고 있습니다.#(고정포트포워딩으로 발생된 오류임으로 다른 접속방법을 찾고있습니다.)#(그떄까지는 http://rpc-flask-app.run.goorm.io/를 사용하겠습니다.)## 2. 업데이트 정보를 캐쉬가 막고있습니다.#(매번 캐쉬를 지워줘야 업데이트가 반영되어서 이걸 자동화 시킬 예정입니다.)##3. 모드및 추가 아이템을 고려중입니다.#(뉴비가 필요한 아이템, 무기에 필요한 모드 등등 상황여건에 맞는 아이템을 총합적으로 보여줄 예정입니다.)##4. 여러 아이템의 데이터를 엑셀로 저장기능을 추가할껍니다.#(부족한 정보량이더라도 언잰가 누구에게 쓰일 데이터일수도 있으니 넣어볼까 합니다.)###아직 계선될점은 많지만 혹여 사용하시거나 불편한점, 이런기능이 있으면 좋겟다 싶은점등이 있으면 (prohenho7138@gmail.com) 으로 메일을 주시거나 카패에 댓글을 남겨주시면 열심히 참고하여 고치겠습니다!",
            "contents_image": "",
            "youtube": "",
            "date": "2020.06.20"
        },
        {
            "index": 3,
            "image": "./image/notice/rpc.png",
            "write": "R.PC",
            "subject": "[공지사항] 업데이트 및 버그수정 ver.0.2",
            "contents": "안녕하세요! 피씨입니다!##오늘도 활기차게 개발을 시작하였습니다!###----- 업데이트 내용-----###1. 가격이 낮은 아이템을 순위에서 재외하였습니다.#(30p이하, 10개의 거래량 이하의 아이템은 증가폭과 하락폭이 많이 높아 순위측정에서만 재외되게 되었습니다.)##2. 앞으로 캐쉬(업데이트 내역)을 자동으로 지울것입니다.#(기존에는 업데이트가 되어도 캐쉬 즉 이전파일의 정보가 남아있어서 재대로 갱신이 안되는점을 고쳤습니다.)##3. 오라, 워프레임 모드가 추가되었습니다.#(모드는 모두 0랭크를 평균으로 측정하고 거래량이 적은 모드들은 변동폭이 넓습니다.)###----- 오류 수정 -----###1. 일부 모드가 비정상적인 통계를 내는것을 확인하였습니다.#(거래내역이 없거나 적은 데이터를 가질시 통게가 이상한 현상이 나타납니다.)##2. 24시간 업데이트를 완료하였습니다.###----- 다음 업데이트 예정 -----##1. 현제 도메인설정 잘못으로 모바일 해상도가 깨지고 있습니다.#(고정포트포워딩으로 발생된 오류임으로 다른 접속방법을 찾고있습니다.)#(그떄까지는 http://rpc-flask-app.run.goorm.io/를 사용하겠습니다.)##2. 여러 아이템의 데이터를 엑셀로 저장기능을 추가할껍니다.#(부족한 정보량이더라도 언잰가 누구에게 쓰일 데이터일수도 있으니 넣어볼까 합니다.)##3. 다른 매뉴가 추가될것입니다.#(아이템별 카태고리를 지정하여 쉽개 찾을수있도록 분류할 예정입니다.)###아직 계선될점은 많지만 혹여 사용하시거나 불편한점, 이런기능이 있으면 좋겟다 싶은점등이 있으면 (prohenho7138@gmail.com) 으로 메일을 주시거나 카패에 댓글을 남겨주시면 열심히 참고하여 고치겠습니다!",
            "contents_image": "",
            "youtube": "",
            "date": "2020.06.21"
        },
        {
            "index": 4,
            "image": "./image/notice/rpc.png",
            "write": "R.PC",
            "subject": "[공지사항] 업데이트 및 버그수정 ver.0.3",
            "contents": "안녕하세요! 피씨입니다!##여전히 개발은 천천히 진행중입니다!!##그와중에도 한분한분 조금씩 쓰이는걸보면 그분들을 위해서라도 만들계획이니#앞으로도 많은 관심 부탁드립니다 감사합니다!###----- 업데이트 내용-----###1. 새로운 메뉴(카테고리)가 추가되었습니다.#(지금까지 글로만 검색을 하는점이 불편하다고 느껴 GUI로 쉽게 눈으로 볼수 있습니다.)##2. 메뉴에 작으만한 에니메이션이 추가하였습니다.#(멋있어 =^ㅇ.ㅇ^=)##3. 공지사항에 추가 스크롤이 생겼습니다.#(앞으로 개시물이 늘어날것을 방지하기 위함입니다.)##4. 고정 포트포워딩에서 유동 포트포워딩으로 수정되었습니다.#(아직 완벽한 도메인설정은 아니지만 임시 조치로써 쓰고있습니다.)###----- 오류 수정 -----###아직 발견된 오류가 없습니다.###----- 다음 업데이트 예정 -----##1. 보다 많은 모드가 추가 될것입니다.#(신디게이트, 주무기, 보조무기, 근접무기 등등.)##2. 다른 메뉴가 추가될것입니다.#(아직 아이디어는 구성중이지만 백테스트정도로 생각중입니다.)###아직 계선될점은 많지만 혹여 사용하시거나 불편한점, 이런기능이 있으면 좋겟다 싶은점등이 있으면 (prohenho7138@gmail.com) 으로 메일을 주시거나 카패에 댓글을 남겨주시면 열심히 참고하여 고치겠습니다!",
            "contents_image": "",
            "youtube": "",
            "date": "2020.06.28"
        },
        {
            "index": 5,
            "image": "./image/notice/rpc.png",
            "write": "R.PC",
            "subject": "[공지사항] 업데이트 및 버그수정 ver.0.35",
            "contents": "안녕하세요! 피씨입니다!##다음주부터 2주간(7월말까지) kctc훈련기간으로 패치가 진행되지 않을 예정입니다..#어쩔수없지만 이번이 마지막 훈련인 만큼 갇다와서 열심히 개발을 진행하겠습니다!###----- 업데이트 내용-----###1. 아케인이 추가되었습니다.#(모든 모드또한 업데이트는 되었으나 적용을 하진 않았습니다.)###----- 오류 수정 -----###아직 발견된 오류가 없습니다.###----- 다음 업데이트 예정 -----###아직 업데이트 예정이 없습니다.###아직 계선될점은 많지만 혹여 사용하시거나 불편한점, 이런기능이 있으면 좋겟다 싶은점등이 있으면 (prohenho7138@gmail.com) 으로 메일을 주시거나 카패에 댓글을 남겨주시면 열심히 참고하여 고치겠습니다!",
            "contents_image": "",
            "youtube": "",
            "date": "2020.07.05"
        },
        {
            "index": 6,
            "image": "./image/notice/rpc.png",
            "write": "R.PC",
            "subject": "[공지사항] 업데이트 및 버그수정 ver.0.4",
            "contents": "안녕하세요! 피씨입니다!!!!!##2주간 생고생을 하고 돌아오니 어찌나 좋은지 모르겠네요 ㅎㅎ#아무런 다친데 없이 무사히 복귀한만큼 다시 열심히 개발을 하겠습니다!!!###----- 업데이트 내용-----###1. 신규 프라임들과 무기 모드들이 추가되었습니다.#(이나로스 프라임, 팬서라 프라임, 캐래스트 프라임, 주무기 모드, 보조무기 모드, 근접무기 모드등 합 230종의 아이템)###----- 오류 수정 -----###1. 모바일 화면에서 카테고리 아이템들이 너무 넓개 보인점을 수정하였습니다.#(이젠 조금더 편의성을 생각해보겠습니다.)##2. 업데이트 주기를 하루 6회 > 3회로 변동 되었습니다#(아이템의 수가 400~500개를 넘나드는 수준에 이르러 업데이트 속도가 15분정도로 많이 길어졌습니다. 물론 세부적인 알고리즘을 바꾼다면 몇초정도 빨라지겠스나 아직 적용할 생각은 없습니다.)###----- 다음 업데이트 예정 -----###1. 카테고리 항목에서 추천아이템을 추가할 예정입니다.#(예로들자면 1.뉴비를 위한 아이템 모음 2.내가바로 예능이닷! 3.필수 모드 모음집 등등)##2. 메인페이지의 랭킹 알고리즘을 변경할 예정입니다.#(지금까지는 각 가격에서 +요소가 있으면 가상의 랭킹점수를 올리고 내리는 방식으로 채점하는 방식이였으나 이것은 데이터가 누적될수록 모순된 결과를 보일수 있음으로 재대로된 알고리즘을 적용할 예정입니다.)##3. 워프레임 경제의 흐름을 도표로 볼수 있는? 매뉴를 상상하고 있습니다.#(아직 새부적인건 없으나 어떤 지점에 유동성이 있는지를 확인하면 좋을거같아 생각중입니다.)###아직 계선될점은 많지만 혹여 사용하시거나 불편한점, 이런기능이 있으면 좋겟다 싶은점등이 있으면 (prohenho7138@gmail.com) 으로 메일을 주시거나 카패에 댓글을 남겨주시면 열심히 참고하여 고치겠습니다!",
            "contents_image": "",
            "youtube": "",
            "date": "2020.07.25"
        },
        {
            "index": 7,
            "image": "./image/notice/rpc.png",
            "write": "R.PC",
            "subject": "[공지사항] 업데이트 및 버그수정 ver.0.5",
            "contents": "안녕하세요! 피씨입니다!##이번 패치는 정렬을 중심으로 만들어 보다 가독성쉽게 만들었습니다.#또한 일부 아이템이 지속적으로 누락하는 몇몇 버그들이 조금씩 보이기 시작해서인지 버그잡는데 오래걸리는거 같네요 ㅎㅎ...#앞으로도 업데이트는 계속 됩니다!~~~###----- 업데이트 내용-----###1. 카테고리 항목에 정렬기능을 추가하였습니다.#(보다 쉽게 아이템들을 보실수 있습니다.)##2. 카테고리 항목에 추천 메뉴가 추가되었습니다.#(앞으로 필수모드, 인기 아이템등을 정리하여 올릴것입니다.)###----- 오류 수정 -----###1. 24시간 업데이트에서 일부 아이템이 누락된것을 수정하였습니다.#(시간이 지날수록 일부 아이템은 스킵이 되는점이 확인 되었습니다.)##2. 일부 검색된 아이템들이 잘못입력될시 오류창으로 안넘어가는 오류를 수정하였습니다.###----- 다음 업데이트 예정 -----###1. 메인페이지의 랭킹 알고리즘을 변경할 예정입니다.#(지금까지는 각 가격에서 +요소가 있으면 가상의 랭킹점수를 올리고 내리는 방식으로 채점하는 방식이였으나 이것은 데이터가 누적될수록 모순된 결과를 보일수 있음으로 재대로된 알고리즘을 적용할 예정입니다.)##2. 워프레임 경제의 흐름을 도표로 볼수 있는? 매뉴를 상상하고 있습니다.#(아직 새부적인건 없으나 어떤 지점에 유동성이 있는지를 확인하면 좋을거같아 생각중입니다.)###아직 계선될점은 많지만 혹여 사용하시거나 불편한점, 이런기능이 있으면 좋겟다 싶은점등이 있으면 (prohenho7138@gmail.com) 으로 메일을 주시거나 카패에 댓글을 남겨주시면 열심히 참고하여 고치겠습니다!",
            "contents_image": "",
            "youtube": "",
            "date": "2020.08.03"
        },
        {
            "index": 8,
            "image": "./image/notice/rpc.png",
            "write": "R.PC",
            "subject": "[공지사항] 업데이트 및 버그수정 ver.0.55",
            "contents": "안녕하세요! 피씨입니다!##에유 알고리즘이 생각이상으로 어려운 종목이긴 하네요#쉽게 만들고자하면 항상 어디서 오류떠버리고 원하는 값도 안나오니 조금더 연구가 필요하다고 생각합니다!#비록 이번주는 공부위주로 되어 버렷지만 앞으로도 업데이트는 계속 됩니다!~~~###----- 업데이트 내용-----###아직 추가된 업데이트가 없습니다.###----- 오류 수정 -----###아직 발견된 오류가 없습니다.###----- 다음 업데이트 예정 -----###1. 메인페이지의 랭킹 알고리즘을 변경할 예정입니다.#(지금까지는 각 가격에서 +요소가 있으면 가상의 랭킹점수를 올리고 내리는 방식으로 채점하는 방식이였으나 이것은 데이터가 누적될수록 모순된 결과를 보일수 있음으로 재대로된 알고리즘을 적용할 예정입니다.)##2. 워프레임 경제의 흐름을 도표로 볼수 있는? 매뉴를 상상하고 있습니다.#(아직 새부적인건 없으나 어떤 지점에 유동성이 있는지를 확인하면 좋을거같아 생각중입니다.)##3. 포트폴리오(자신이 구상하는 전략)을 바탕으로 수익률을 계산할수 있는 포트폴리오 매뉴를 구현중입니다.#(전체적인 틀은 이번주동안 잡혀있으며 기능, 페이지 구성을 중심으로 작업을 진행하겠습니다.)###아직 계선될점은 많지만 혹여 사용하시거나 불편한점, 이런기능이 있으면 좋겟다 싶은점등이 있으면 (prohenho7138@gmail.com) 으로 메일을 주시거나 카패에 댓글을 남겨주시면 열심히 참고하여 고치겠습니다!",
            "contents_image": "",
            "youtube": "",
            "date": "2020.08.09"
        },
        {
            "index": 9,
            "image": "./image/notice/rpc.png",
            "write": "R.PC",
            "subject": "[공지사항] 업데이트 및 버그수정 ver.0.56",
            "contents": "안녕하세요! 피씨입니다!##갑자기 업데이트가 안되는 오류가 있어 급히 수정하였습니다#비록 원인은 일요일추가된 코드중 작동에 에러를 생성하였지만 지금은 바로 고쳤습니다!###----- 업데이트 내용-----###아직 추가된 업데이트가 없습니다.###----- 오류 수정 -----###1. 자동 업데이트 스크립트의 오류문구를 수정하였습니다.###----- 다음 업데이트 예정 -----###1. 메인페이지의 랭킹 알고리즘을 변경할 예정입니다.#(지금까지는 각 가격에서 +요소가 있으면 가상의 랭킹점수를 올리고 내리는 방식으로 채점하는 방식이였으나 이것은 데이터가 누적될수록 모순된 결과를 보일수 있음으로 재대로된 알고리즘을 적용할 예정입니다.)##2. 워프레임 경제의 흐름을 도표로 볼수 있는? 매뉴를 상상하고 있습니다.#(아직 새부적인건 없으나 어떤 지점에 유동성이 있는지를 확인하면 좋을거같아 생각중입니다.)##3. 포트폴리오(자신이 구상하는 전략)을 바탕으로 수익률을 계산할수 있는 포트폴리오 매뉴를 구현중입니다.#(전체적인 틀은 이번주동안 잡혀있으며 기능, 페이지 구성을 중심으로 작업을 진행하겠습니다.)###아직 계선될점은 많지만 혹여 사용하시거나 불편한점, 이런기능이 있으면 좋겟다 싶은점등이 있으면 (prohenho7138@gmail.com) 으로 메일을 주시거나 카패에 댓글을 남겨주시면 열심히 참고하여 고치겠습니다!",
            "contents_image": "",
            "youtube": "",
            "date": "2020.08.11"
        },
        {
            "index": 10,
            "image": "./image/notice/rpc.png",
            "write": "R.PC",
            "subject": "[공지사항] 업데이트 및 버그수정 ver.0.6",
            "contents": "안녕하세요! 피씨입니다!##저희 지역 주변에도 조금씩 코로나 확진자가 나오다보니 휴가도 재한되려나 걱정됩니다 ㅠㅠ#다들 코로나 조심하시길 바랍니다!#이번에는 과거의 데이터를 바탕으로 얼만큼 이윤을 만드는지 테스트하는 백테스트항목이 추가되었습니다.#원하는 아이템에서 포트폴리오 버튼을 클릭하고 계산을 하시면 어느정도 수익이 발생하는지 알수 있습니다!!###----- 업데이트 내용-----###1. 백테스트(포트폴리오)가 추가되었습니다.#(원하는 아이템에서 마켓바로가기 버튼 오른쪽 포트폴리오를 이용하시면 됩니다.)##ㄴ 사용방법#1. 원하는 시작날짜, 종료날짜, 보유중인 플레티넘을 입력후 1번 계산하기를 누른다.#2. 원하는 갯수를 입력후 2번 계산하기를 누른다.###----- 오류 수정 -----###1. 자동 백업 쉘스크립트(깃허브 업로드)가 비정상적임을 수정했습니다.#(테스트 서버의 데이터와 꼬이는 현상을 수정하였습니다)###----- 다음 업데이트 예정 -----###1. 워프레임 경제의 흐름을 도표로 볼수 있는? 매뉴를 상상하고 있습니다.#(아직 새부적인건 없으나 어떤 지점에 유동성이 있는지를 확인하면 좋을거같아 생각중입니다.)###아직 계선될점은 많지만 혹여 사용하시거나 불편한점, 이런기능이 있으면 좋겟다 싶은점등이 있으면 (prohenho7138@gmail.com) 으로 메일을 주시거나 카패에 댓글을 남겨주시면 열심히 참고하여 고치겠습니다!",
            "contents_image": "",
            "youtube": "",
            "date": "2020.08.15"
        },
        {
            "index": 11,
            "image": "./image/notice/rpc.png",
            "write": "R.PC",
            "subject": "[공지사항] 업데이트 및 버그수정 ver.0.61",
            "contents": "안녕하세요! 피씨입니다!##이번에는 아주 오랜 지병인 주소를 정식적으로 바꾸게 되었습니다!!(http://www.warframets.shop)#드디어 안심하고 계속 업데이트를 진행할수 있어서 너무 다행입니다 ㅠㅠ#앞으로도 개발은 계속됩니당###----- 업데이트 내용-----###1. 도메인 주소가 변경되었습니다.#(기존 rpc-flask-app은 사용안하며 앞으로도 이주소만 사용될것입니다.)###----- 오류 수정 -----###1. 비정상적인 자동 업데이트 품목을 삭제하고 있습니다.#(장기간 거래내역이 없는 품목은 하나씩 없애고 있습니다.)###----- 다음 업데이트 예정 -----###1. 정보 메뉴가 추가될 예정입니다.#(사이트의 용도, 사용방법, 추가 거래를 하는 방법등 보다 쉬운 접근성을 가지도록 할것입니다.)##2. 포트폴리오기능에 그래프, 엑셀 추출등 기능을 추가할것입니다.#(아직 계산만 해주지 시각화는 미개발이였습니다.)###아직 계선될점은 많지만 혹여 사용하시거나 불편한점, 이런기능이 있으면 좋겟다 싶은점등이 있으면 (prohenho7138@gmail.com) 으로 메일을 주시거나 카패에 댓글을 남겨주시면 열심히 참고하여 고치겠습니다!",
            "contents_image": "",
            "youtube": "",
            "date": "2020.08.22"
        },
        {
            "index": 12,
            "image": "./image/notice/rpc.png",
            "write": "R.PC",
            "subject": "[공지사항] 업데이트 및 버그수정 ver.0.62",
            "contents": "안녕하세요! 피씨입니다!##사이트주소를 변경후 사소한 몇몇 오류가 발견되어 급히 수정하였습니다.###----- 업데이트 내용-----###아직 추가된 업데이트가 없습니다.###----- 오류 수정 -----###1. 검색창에서 품목을 클릭시 과거 사이트로 이동되는 현상을 수정하였습니다.##2. 일부 거래량이 적은 모드를 삭제하였습니다.###----- 다음 업데이트 예정 -----###1. 정보 메뉴가 추가될 예정입니다.#(사이트의 용도, 사용방법, 추가 거래를 하는 방법등 보다 쉬운 접근성을 가지도록 할것입니다.)##2. 포트폴리오기능에 그래프, 엑셀 추출등 기능을 추가할것입니다.#(아직 계산만 해주지 시각화는 미개발이였습니다.)###아직 계선될점은 많지만 혹여 사용하시거나 불편한점, 이런기능이 있으면 좋겟다 싶은점등이 있으면 (prohenho7138@gmail.com) 으로 메일을 주시거나 카패에 댓글을 남겨주시면 열심히 참고하여 고치겠습니다!",
            "contents_image": "",
            "youtube": "",
            "date": "2020.08.23"
        },
        {
            "index": 13,
            "image": "./image/notice/rpc.png",
            "write": "R.PC",
            "subject": "[공지사항] 업데이트 및 버그수정 ver.0.7",
            "contents": "안녕하세요! 피씨입니다!##아이고 생각이상으로 가이드를 설명하려니까 어렵네요 ㅡ.ㅡ#공략쓰시는분들 모두 대단하십니다 ㅎㅎ#사실적인 것만 적어야 하나 몇몇 개인적인 의견이 들어갈수 있다는점 양해 부탁드립니다!###----- 업데이트 내용-----###1. 가이드북 매뉴가 추가되었습니다.#(앞으로 쉽고 이해되는 내용을 추가해 나갈것입니다.)###----- 오류 수정 -----###1. 메인 테이블항목이 밀려서 나오는점을 수정하였습니다.#(아이템에 번역이 하나 빠져 모두밀리는 현상이였습니다.)##2. 번역이 잘못되어 나오는 몇몇 아이템을 수정하였습니다.#(일부 잘못적은 번역도 발견되어 수정하였습니다.)##3. 24시간 업데이트에서 일부 아이템이 누락된것을 수정하였습니다.#(계속해서 발견되는 거래량이 적은 아이템들을 없애고 있습니다.)###----- 다음 업데이트 예정 -----###1. 아이템별 엑셀, csv 추출 기능을 추가할것입니다.#(데이터는 많을수록 좋다. 또한 누구나 이용할수 있어야 한다. -R.PC-)##2. 가이드북 매뉴에 더 자세한 거래방법을 추가할것입니다#(아직 정리중이지만 완성되는대로 올리겠습니다.)##3. 포트폴리오 기능에 그래프, 엑셀 추출등 기능을 추가할것입니다.#(아직 계산만 해주지 시각화는 미개발이였습니다.)##4. 경제 매뉴를 추가할것입니다.#(아이템별 인기도, 급락, 급등, 유망아이템 등등 전체를 보여주는 기능을 생각중입니다.)##5. 랭킹 알고리즘을 변경할것입니다.#(알고리즘... 어렵다)###아직 계선될점은 많지만 혹여 사용하시거나 불편한점, 이런기능이 있으면 좋겟다 싶은점등이 있으면 (prohenho7138@gmail.com) 으로 메일을 주시거나 카패에 댓글을 남겨주시면 열심히 참고하여 고치겠습니다!",
            "contents_image": "",
            "youtube": "",
            "date": "2020.08.30"
        },
        {
            "index": 14,
            "image": "./image/notice/rpc.png",
            "write": "R.PC",
            "subject": "[공지사항] 짧은 공지 ver.0.1",
            "contents": "안녕하세요! 피씨입니다!##코로나 확산 여파로 9월 20일까지 사지방 재한에 걸렸습니다..#언제 연기가 될지도 모르지만 9월은 업데이트 및 버그수정이 힘들어진점 죄송합니다 ㅠㅠ###----- 업데이트 내용-----###아직 추가된 업데이트가 없습니다.###----- 오류 수정 -----###아직 발견된 오류가 없습니다.###----- 다음 업데이트 예정 -----###아직 업데이트 예정이 없습니다.###아직 계선될점은 많지만 혹여 사용하시거나 불편한점, 이런기능이 있으면 좋겟다 싶은점등이 있으면 (prohenho7138@gmail.com) 으로 메일을 주시거나 카패에 댓글을 남겨주시면 열심히 참고하여 고치겠습니다!",
            "contents_image": "",
            "youtube": "",
            "date": "2020.09.06"
        },
        {
            "index": 15,
            "image": "./image/notice/rpc.png",
            "write": "R.PC",
            "subject": "[공지사항] 짧은 공지 ver.0.2",
            "contents": "안녕하세요! 피씨입니다!##코로나 확진자수가 감소하면서 사지방 제한이 풀리게 되었습니다!!#계속해서 10월부터 업데이트가 진행될 예정입니돵~###----- 업데이트 내용-----###아직 추가된 업데이트가 없습니다.###----- 오류 수정 -----###아직 발견된 오류가 없습니다.###----- 다음 업데이트 예정 -----###1. 아이템별 엑셀, csv 추출 기능을 추가할것입니다.#(데이터는 많을수록 좋다. 또한 누구나 이용할수 있어야 한다. -R.PC-)##2. 가이드북 매뉴에 더 자세한 거래방법을 추가할것입니다#(아직 정리중이지만 완성되는대로 올리겠습니다.)##3. 포트폴리오 기능에 그래프, 엑셀 추출등 기능을 추가할것입니다.#(아직 계산만 해주지 시각화는 미개발이였습니다.)##4. 경제 매뉴를 추가할것입니다.#(아이템별 인기도, 급락, 급등, 유망아이템 등등 전체를 보여주는 기능을 생각중입니다.)##5. 랭킹 알고리즘을 변경할것입니다.#(알고리즘... 어렵다)###아직 계선될점은 많지만 혹여 사용하시거나 불편한점, 이런기능이 있으면 좋겟다 싶은점등이 있으면 (prohenho7138@gmail.com) 으로 메일을 주시거나 카패에 댓글을 남겨주시면 열심히 참고하여 고치겠습니다!",
            "contents_image": "",
            "youtube": "",
            "date": "2020.09.27"
        },
        {
            "index": 16,
            "image": "./image/notice/rpc.png",
            "write": "R.PC",
            "subject": "[공지사항] 업데이트 및 버그수정 ver.0.71",
            "contents": "안녕하세요! 피씨입니다!##이제 밀린 숙제를 하나씩 해야겠습니당###----- 업데이트 내용-----###1. 아이템별 엑셀, csv 추출 기능이 추가되었습니다.#(자료의 출처는 warframe.market에 있습니당)###----- 오류 수정 -----###아직 발견된 오류가 없습니다.###----- 다음 업데이트 예정 -----###1. 가이드북 매뉴에 더 자세한 거래방법을 추가할것입니다#(아직 정리중이지만 완성되는대로 올리겠습니다.)##2. 포트폴리오 기능에 그래프, 엑셀 추출등 기능을 추가할것입니다.#(아직 계산만 해주지 시각화는 미개발이였습니다.)##3. 경제 매뉴를 추가할것입니다.#(아이템별 인기도, 급락, 급등, 유망아이템 등등 전체를 보여주는 기능을 생각중입니다.)##4. 랭킹 알고리즘을 변경할것입니다.#(알고리즘... 어렵다)###아직 계선될점은 많지만 혹여 사용하시거나 불편한점, 이런기능이 있으면 좋겟다 싶은점등이 있으면 (prohenho7138@gmail.com) 으로 메일을 주시거나 카패에 댓글을 남겨주시면 열심히 참고하여 고치겠습니다!",
            "contents_image": "",
            "youtube": "",
            "date": "2020.09.27"
        },
        {
            "index": 17,
            "image": "./image/notice/rpc.png",
            "write": "R.PC",
            "subject": "[공지사항] 업데이트 및 버그수정 ver.0.8",
            "contents": "안녕하세요! 피씨입니다!##다들 추석연휴 잘보냈습니까!!#저도 비록 다른 장소에 있더라도 열심히 쉬고있습니당.#이번에는 마지막 컨텐츠? 가될 경제 매뉴가 추가되었습니다.#다음부터는 사이트의 발전을 위해 유지보수쪽으로 힘을 쓸예정입니다!#(예로 신규 아이템 추가, 알고리즘 변경, 디자인, 매뉴별 미구현기능 끝내기 등등)###----- 업데이트 내용-----###1. 경제 매뉴를 추가되었습니다.#(지금은 랭킹별로 보여주지만 전체를 보는 표가 따로 추가될예정입니다.)###----- 오류 수정 -----###1. csv버튼 크기가 비정상으로 보이는걸 고쳤습니다.#(pc로 전체화면을 볼시 버튼이 커져보이는 현상을 고쳤습니다.)###----- 다음 업데이트 예정 -----###1. 가이드북 매뉴에 더 자세한 거래방법을 추가할것입니다#(아직 정리중이지만 완성되는대로 올리겠습니다.)##2. 포트폴리오 기능에 그래프, 엑셀 추출등 기능을 추가할것입니다.#(아직 계산만 해주지 시각화는 미개발이였습니다.)##3. 랭킹 알고리즘을 변경할것입니다.#(알고리즘... 어렵다)##4. 최근 추가된 아이템들을 추가할것입니다.#(네크라메크, 쿠바리치, 이페마라, 레일젝등등)###아직 계선될점은 많지만 혹여 사용하시거나 불편한점, 이런기능이 있으면 좋겟다 싶은점등이 있으면 (prohenho7138@gmail.com) 으로 메일을 주시거나 카패에 댓글을 남겨주시면 열심히 참고하여 고치겠습니다!",
            "contents_image": "",
            "youtube": "",
            "date": "2020.10.03"
        },
        {
            "index": 18,
            "image": "./image/notice/rpc.png",
            "write": "R.PC",
            "subject": "[공지사항] 업데이트 및 버그수정 ver.0.81",
            "contents": "안녕하세요! 피씨입니다!##어느덧 황금연휴는 다지나갓지만 너무 잘쉬었네요!.#이번에는 신규 아이템들이 추가되었습니다.#(혹여 필요하신 아이템이 없다면 메일이나 댓글로 달아주시길 바랍니다!)###----- 업데이트 내용-----###1. 새로운 아이템들이 추가되었습니다.#(거래량이 없는 아이템은 재외될수 있습니다.)###----- 오류 수정 -----###1. 자동 업데이트 시간이 충돌나는 현상을 고쳤습니다.#(계속해서 실험중이지만 업데이트 주기를 확인하는대로 정리해 보여드릴겠습니다.)###----- 다음 업데이트 예정 -----###1. 가이드북 매뉴에 더 자세한 거래방법을 추가할것입니다#(아직 정리중이지만 완성되는대로 올리겠습니다.)##2. 포트폴리오 기능에 그래프, 엑셀 추출등 기능을 추가할것입니다.#(아직 계산만 해주지 시각화는 미개발이였습니다.)##3. 랭킹 알고리즘을 변경할것입니다.#(알고리즘... 어렵다)###아직 계선될점은 많지만 혹여 사용하시거나 불편한점, 이런기능이 있으면 좋겟다 싶은점등이 있으면 (prohenho7138@gmail.com) 으로 메일을 주시거나 카패에 댓글을 남겨주시면 열심히 참고하여 고치겠습니다!",
            "contents_image": "",
            "youtube": "",
            "date": "2020.10.04"
        },
        {
            "index": 19,
            "image": "./image/notice/rpc.png",
            "write": "R.PC",
            "subject": "[공지사항] 업데이트 및 버그수정 ver.0.82",
            "contents": "안녕하세요! 피씨입니다!##갑작스럽게 업데이트가 지연되어 고치게 되었습니당.###----- 업데이트 내용-----###아직 추가된 업데이트가 없습니다.###----- 오류 수정 -----###1. 자동업데이트가 일부 아이템을 누락한것을 고쳤습니다.#(추가된 아이템의 거래데이터가 없을경우 발생하는 오류로 계속해서 품목을 조정하고 있습니다.)###----- 다음 업데이트 예정 -----###1. 가이드북 매뉴에 더 자세한 거래방법을 추가할것입니다#(아직 정리중이지만 완성되는대로 올리겠습니다.)##2. 포트폴리오 기능에 그래프, 엑셀 추출등 기능을 추가할것입니다.#(아직 계산만 해주지 시각화는 미개발이였습니다.)##3. 랭킹 알고리즘을 변경할것입니다.#(알고리즘... 어렵다)###아직 계선될점은 많지만 혹여 사용하시거나 불편한점, 이런기능이 있으면 좋겟다 싶은점등이 있으면 (prohenho7138@gmail.com) 으로 메일을 주시거나 카패에 댓글을 남겨주시면 열심히 참고하여 고치겠습니다!",
            "contents_image": "",
            "youtube": "",
            "date": "2020.10.06"
        },
        {
            "index": 20,
            "image": "./image/notice/rpc.png",
            "write": "R.PC",
            "subject": "[공지사항] 업데이트 및 버그수정 ver.0.83",
            "contents": "안녕하세요! 피씨입니다!##전역도 1달 정도남은 시점이지만 여기서도 많은걸 남기고 가는거같습니당#사이트도 작은 프로젝트였는데 많이 발전된거같습니다!!#슬슬 커뮤니티에도 올려볼까 고민중이지만 영어패이지만 완성되는대로 본격적으로 운용될것입니다!!###----- 업데이트 내용-----###1. 가이드북 매뉴가 공지사항 매뉴로 통합되었습니다.#(가이드북 매뉴의 사용빈도, 필요성이 이전 공지사항과 같았기에 통합되었습니다.)##2. 매뉴를 좀더 쉽게 보기위한 아이콘이 추가되었습니다.#(단순한 택스트로 이루어진것보다 좋은 접근법이라 생각합니다.)##3. 포트폴리오 매뉴에 수익률, 보고서 기능이 추가되었습니다.#(csv추출 기능도 계속해서 추가될 예정입니다.)###----- 오류 수정 -----###1. 자동업데이트가 일부 아이템을 누락한것을 고쳤습니다.#(추가된 아이템의 거래데이터가 없을경우 발생하는 오류로 계속해서 품목을 조정하고 있습니다.)###----- 다음 업데이트 예정 -----###1. 랭킹 알고리즘을 변경할것입니다.#(알고리즘... 어렵다)##2. 새로 화면을 지원하게 될것입니다.#(현제 크롬기준 가로화면으로만 재작되었기에 모바일, 새로화면에 취약한점을 발견하였습니다.)##3. 영어를 지원할것입니다.#(레딧에 올리기위한 페이지 준비를 시작할것입니다!)##4. 거래방법을 자세히 추가할것입니다.#(아직까지 뉴비분들꺠는 거래방법이 어려울것이니 단계적으로 설명을할 예정입니다.)###아직 계선될점은 많지만 혹여 사용하시거나 불편한점, 이런기능이 있으면 좋겟다 싶은점등이 있으면 (prohenho7138@gmail.com) 으로 메일을 주시거나 카패에 댓글을 남겨주시면 열심히 참고하여 고치겠습니다!",
            "contents_image": "",
            "youtube": "",
            "date": "2020.10.17"
        },
        {
            "index": 21,
            "image": "./image/notice/rpc.png",
            "write": "R.PC",
            "subject": "[공지사항] 업데이트 및 버그수정 ver.0.84",
            "contents": "안녕하세요! 피씨입니다!#=^ㅇ~ㅇ^=###----- 업데이트 내용-----###1. 새로 화면, 모바일 최적화를 진행하였습니다.#(편의성을 좋아졌습니다!)##2. 공지사항 매뉴에 Q&A가 추가되었습니다.#(거래방법 > Q&A로 통합될 예정입니다.)##3. SEO 검색앤진 최적화를 진행중입니다.#(네이버, 구글에 WarframeTS를 검색 가능합니다!)###----- 오류 수정 -----###아직 발견된 오류가 없습니다.###----- 다음 업데이트 예정 -----###1. 영어를 지원할것입니다.#(레딧에 올리기위한 페이지 준비를 시작할것입니다!)##2. 거래방법을 자세히 추가할것입니다.#(아직까지 뉴비분들꺠는 거래방법이 어려울것이니 단계적으로 설명을할 예정입니다.)###아직 계선될점은 많지만 혹여 사용하시거나 불편한점, 이런기능이 있으면 좋겟다 싶은점등이 있으면 (prohenho7138@gmail.com) 으로 메일을 주시거나 카패에 댓글을 남겨주시면 열심히 참고하여 고치겠습니다!",
            "contents_image": "",
            "youtube": "",
            "date": "2020.10.18"
        }
    ]
}